{"cameraMode":{"drawMode":0,"name":"Shaded","section":"Shading Mode"},"sceneLighting":false,"audioPlay":false,"sceneViewState":{"m_AlwaysRefresh":false,"showFog":true,"showSkybox":false,"showFlares":true,"showImageEffects":true,"showParticleSystems":true,"showVisualEffectGraphs":true,"m_FxEnabled":true},"in2DMode":false,"pivot":{"x":-0.001620858907699585,"y":0.5563583374023438,"z":-0.004378318786621094},"rotation":{"x":-0.1395234912633896,"y":0.8598602414131165,"z":-0.36436399817466738,"w":-0.32926058769226076},"size":0.7927277088165283,"orthographic":false}