{"cameraMode":{"drawMode":0,"name":"Shaded","section":"Shading Mode"},"sceneLighting":true,"audioPlay":false,"sceneViewState":{"m_AlwaysRefresh":false,"showFog":true,"showSkybox":true,"showFlares":true,"showImageEffects":true,"showParticleSystems":true,"showVisualEffectGraphs":true,"m_FxEnabled":true},"in2DMode":false,"pivot":{"x":0.007879137992858887,"y":0.5596829652786255,"z":0.010024070739746094},"rotation":{"x":-0.07819636166095734,"y":0.029318537563085557,"z":-0.0023007714189589025,"w":-0.9965102076530457},"size":0.9993340373039246,"orthographic":false}